hs4,gnn_logit,gnn_score,score,density,pci,cog,complexity_gain,section,rank,global_demand_value,global_demand_growth,global_market_concentration,historical_active_years,historical_export_persistence,supply_capacity,gnn_logit_percentile,gnn_score_percentile,density_percentile,pci_percentile,cog_percentile,global_demand_value_percentile,global_demand_growth_percentile,supply_capacity_percentile,adamic_adar,jaccard,cn,pref_attach,ranking_score,predicted_probability,probability_lower,probability_upper,average_rank,rank_std,rank_stability,ensemble_score,ensemble_rank,ensemble_method
2514,0.315467,0.578219,0.024850,0.153934,0.583322,0.000000,,25,1,77101079.000000,-0.060905,0.124554,18.000000,11.000000,63461388,0.687831,0.687831,0.833862,0.335450,0.142328,0.039153,0.105820,0.721164,,,,,-246.733808,0.024850,0.023816,0.025646,1.000000,0.000000,1.000000,0.024850,1,validation_pairwise_bootstrap
6308,0.312706,0.577546,0.024734,0.174784,0.609677,0.000000,,63,2,110675196.000000,-0.020180,0.083834,14.000000,9.000000,28626524,0.629630,0.629630,0.947090,0.340741,0.142328,0.051852,0.278307,0.701587,0.000000,0.000000,0.000000,79716.000000,-247.036923,0.024734,0.023719,0.025533,2.095238,0.293544,0.773070,0.024734,2,validation_pairwise_bootstrap
2509,0.322865,0.580022,0.024533,0.164446,0.252172,0.208292,,25,3,115753552.000000,-0.059486,0.068894,14.000000,7.000000,63461388,0.789418,0.789418,0.899471,0.280423,0.245503,0.056085,0.107937,0.721164,0.000000,0.000000,0.000000,78767.000000,-247.631213,0.024533,0.023537,0.025320,4.000000,1.195229,0.455533,0.024533,3,validation_pairwise_bootstrap
3814,0.327870,0.581241,0.024528,0.175674,0.848347,0.291359,,38,4,1747116318.000000,-0.020109,0.061210,19.000000,19.000000,1221685981,0.858201,0.858201,0.948148,0.385185,0.278307,0.413757,0.279365,0.989947,,,,,-247.656772,0.024528,0.023622,0.025421,4.047619,0.843812,0.542355,0.024528,4,validation_pairwise_bootstrap
2527,0.322907,0.580033,0.024404,0.137043,-2.147605,-0.235592,,25,5,35212874.000000,0.168468,0.271684,17.000000,17.000000,63461388,0.790476,0.790476,0.694180,0.059259,0.050794,0.016931,0.986243,0.721164,,,,,-247.758593,0.024404,0.023347,0.025181,5.238095,1.659167,0.376058,0.024404,5,validation_pairwise_bootstrap
8512,0.306546,0.576042,0.024266,0.147806,2.793501,0.000000,,85,6,32044987118.000000,0.054254,0.067590,18.000000,16.000000,869392763,0.484656,0.484656,0.796825,0.813757,0.142328,0.914286,0.874074,0.957672,,,,,-247.970958,0.024266,0.023157,0.024924,6.571429,1.049781,0.487857,0.024266,6,validation_pairwise_bootstrap
6909,0.287410,0.571362,0.024035,0.127531,2.999403,0.000000,,69,7,6023224519.000000,0.048208,0.109524,15.000000,9.000000,15119334,0.133333,0.133333,0.592593,0.840212,0.142328,0.653968,0.852910,0.580952,,,,,-248.098947,0.024035,0.022969,0.024738,8.809524,2.593381,0.278289,0.024035,7,validation_pairwise_bootstrap
7322,0.299945,0.574429,0.024089,0.144318,2.085500,0.693553,,73,8,3267170472.000000,-0.001376,0.071579,19.000000,19.000000,234437714,0.334392,0.334392,0.766138,0.660317,0.600000,0.538624,0.414815,0.806878,,,,,-248.121991,0.024089,0.023430,0.024769,8.238095,1.630214,0.380197,0.024089,8,validation_pairwise_bootstrap
6113,0.320642,0.579481,0.023973,0.172044,-0.312959,0.153250,,61,9,1052043995.000000,0.009388,0.106968,18.000000,11.000000,121336323,0.766138,0.766138,0.926984,0.210582,0.211640,0.311111,0.538624,0.782011,,,,,-248.137078,0.023973,0.023063,0.024976,9.428571,2.279754,0.304901,0.023973,9,validation_pairwise_bootstrap
8432,0.294453,0.573086,0.023880,0.147016,1.882325,0.743699,,84,10,7859391063.000000,0.002173,0.073444,19.000000,19.000000,686694105,0.241270,0.241270,0.788360,0.616931,0.643386,0.719577,0.449735,0.879894,,,,,-248.220854,0.023880,0.023239,0.024647,10.285714,1.955282,0.338377,0.023880,10,validation_pairwise_bootstrap
8446,0.295738,0.573400,0.023792,0.125774,1.758870,0.000000,,84,11,2127756432.000000,0.005914,0.186518,11.000000,3.000000,686694105,0.263492,0.263492,0.562963,0.594709,0.142328,0.460317,0.497354,0.879894,,,,,-248.250982,0.023792,0.022754,0.024538,11.190476,2.683620,0.271472,0.023792,11,validation_pairwise_bootstrap
8403,0.288550,0.571641,0.023572,0.140810,2.641818,0.971594,,84,12,6783783616.000000,-0.002545,0.098320,19.000000,19.000000,686694105,0.155556,0.155556,0.734392,0.789418,0.833862,0.684656,0.403175,0.879894,,,,,-248.373712,0.023572,0.022863,0.024124,13.285714,2.864277,0.258781,0.023572,12,validation_pairwise_bootstrap
8469,0.314947,0.578092,0.022732,0.093478,0.261113,0.304978,,84,13,146989.000000,-0.770395,0.170504,4.000000,3.000000,686694105,0.676190,0.676190,0.139683,0.282540,0.293122,0.001058,0.001058,0.879894,,,,,-248.381541,0.022732,0.019955,0.025086,22.952381,25.038021,0.038405,0.022732,13,validation_pairwise_bootstrap
2512,0.313051,0.577630,0.023593,0.142751,0.422215,0.369997,,25,14,172332795.000000,-0.034009,0.100062,13.000000,11.000000,63461388,0.640212,0.640212,0.748148,0.307937,0.342857,0.082540,0.201058,0.721164,,,,,-248.398025,0.023593,0.022904,0.024552,13.142857,2.396142,0.294452,0.023593,14,validation_pairwise_bootstrap
3921,0.316377,0.578441,0.023442,0.166292,2.248977,0.000000,,39,15,26241494264.000000,0.017950,0.058731,19.000000,19.000000,94858830,0.703704,0.703704,0.907937,0.703704,0.142328,0.896296,0.631746,0.752381,,,,,-248.438297,0.023442,0.022217,0.024383,14.714286,2.639316,0.274777,0.023442,15,validation_pairwise_bootstrap
3802,0.303304,0.575250,0.023220,0.124008,-0.215115,0.261033,,38,16,2494621361.000000,-0.002874,0.084801,19.000000,19.000000,1221685981,0.412698,0.412698,0.544974,0.223280,0.266667,0.488889,0.397884,0.989947,,,,,-248.517238,0.023220,0.022609,0.023959,16.809524,3.289508,0.233127,0.023220,16,validation_pairwise_bootstrap
8434,0.308898,0.576616,0.023248,0.143341,2.005545,0.754389,,84,17,2014890465.000000,-0.004463,0.072703,17.000000,14.000000,686694105,0.541799,0.541799,0.756614,0.642328,0.649735,0.445503,0.382011,0.879894,,,,,-248.529557,0.023248,0.022324,0.024018,16.619048,2.716373,0.269080,0.023248,17,validation_pairwise_bootstrap
4822,0.319823,0.579281,0.023162,0.170449,0.901868,0.413963,,48,18,432818044.000000,0.005372,0.077599,15.000000,13.000000,18391038,0.755556,0.755556,0.923810,0.402116,0.379894,0.172487,0.488889,0.629101,,,,,-248.560170,0.023162,0.022233,0.024302,17.523810,4.136010,0.194704,0.023162,18,validation_pairwise_bootstrap
7312,0.308837,0.576601,0.022772,0.147243,1.375802,0.514140,,73,19,6510735336.000000,0.001604,0.094141,19.000000,19.000000,234437714,0.539683,0.539683,0.789418,0.504762,0.456085,0.670899,0.435979,0.806878,,,,,-248.680843,0.022772,0.021971,0.023645,21.428571,2.871393,0.258305,0.022772,19,validation_pairwise_bootstrap
2510,0.307370,0.576243,0.022791,0.144815,-1.677665,-0.188651,,25,20,2579346309.000000,-0.044186,0.189844,19.000000,19.000000,63461388,0.502646,0.502646,0.773545,0.083598,0.069841,0.495238,0.153439,0.721164,0.000000,0.000000,0.000000,74022.000000,-248.681391,0.022791,0.021603,0.023438,21.238095,6.007176,0.142711,0.022791,20,validation_pairwise_bootstrap
6401,0.333812,0.582687,0.022459,0.190048,-0.372450,0.078612,,64,21,1490236198.000000,-0.031212,0.190672,18.000000,18.000000,67651991,0.900529,0.900529,0.990476,0.202116,0.171429,0.372487,0.222222,0.738624,,,,,-248.772661,0.022459,0.021695,0.023558,24.761905,4.319444,0.187990,0.022459,21,validation_pairwise_bootstrap
8417,0.292318,0.572563,0.022360,0.134392,2.537457,1.022671,,84,22,4624048568.000000,-0.017943,0.098016,18.000000,16.000000,686694105,0.205291,0.205291,0.667725,0.768254,0.869841,0.603175,0.288889,0.879894,,,,,-248.783202,0.022360,0.021276,0.023324,25.666667,7.246236,0.121267,0.022360,22,validation_pairwise_bootstrap
5110,0.297023,0.573715,0.022128,0.108894,1.244719,0.687817,,51,23,3897459.000000,-0.065410,0.124904,3.000000,1.000000,3148169,0.284656,0.284656,0.320635,0.476190,0.593651,0.002116,0.095238,0.296296,0.000000,0.000000,0.000000,32266.000000,-248.790467,0.022128,0.020240,0.023228,28.238095,10.492196,0.087016,0.022128,23,validation_pairwise_bootstrap
6111,0.321594,0.579713,0.022323,0.184518,-0.989075,-0.092230,,61,24,6761181944.000000,0.004074,0.140671,19.000000,19.000000,121336323,0.775661,0.775661,0.978836,0.137566,0.099471,0.681481,0.467725,0.782011,,,,,-248.792360,0.022323,0.021239,0.023406,26.190476,4.797013,0.172503,0.022323,24,validation_pairwise_bootstrap
6503,0.310016,0.576889,0.022225,0.151730,-1.022642,0.165306,,65,25,169409194.000000,0.010158,0.314035,16.000000,13.000000,1769290,0.571429,0.571429,0.820106,0.134392,0.216931,0.080423,0.544974,0.233862,,,,,-248.810346,0.022225,0.020055,0.023143,27.285714,9.636947,0.094012,0.022225,25,validation_pairwise_bootstrap
6502,0.301518,0.574814,0.022238,0.130930,-0.545802,0.196156,,65,26,18258584.000000,-0.058036,0.282385,4.000000,2.000000,1769290,0.372487,0.372487,0.627513,0.184127,0.238095,0.010582,0.113228,0.233862,,,,,-248.810897,0.022238,0.020955,0.022906,27.000000,7.678045,0.115233,0.022238,26,validation_pairwise_bootstrap
5103,0.318986,0.579077,0.022062,0.149631,-0.774039,0.131419,,51,27,127652683.000000,0.000812,0.080746,12.000000,8.000000,3148169,0.744974,0.744974,0.812698,0.161905,0.189418,0.065608,0.427513,0.296296,0.000000,0.000000,0.000000,54093.000000,-248.846649,0.022062,0.020577,0.023186,28.952381,6.098214,0.140881,0.022062,27,validation_pairwise_bootstrap
7008,0.294010,0.572978,0.022090,0.147551,2.330004,0.827811,,70,28,1810654154.000000,0.052251,0.090288,17.000000,15.000000,14556130,0.232804,0.232804,0.792593,0.725926,0.728042,0.420106,0.864550,0.566138,,,,,-248.850128,0.022090,0.021093,0.022942,28.523810,6.130478,0.140243,0.022090,28,validation_pairwise_bootstrap
5508,0.316603,0.578496,0.021949,0.154316,-0.115412,0.188326,,55,29,702815150.000000,-0.039107,0.370047,19.000000,19.000000,14429485,0.711111,0.711111,0.839153,0.231746,0.227513,0.233862,0.176720,0.551323,,,,,-248.854722,0.021949,0.020262,0.023233,30.190476,9.434582,0.095835,0.021949,29,validation_pairwise_bootstrap
3809,0.313936,0.577846,0.022004,0.144264,1.792991,0.656535,,38,30,4467873368.000000,0.025019,0.053311,18.000000,18.000000,1221685981,0.655026,0.655026,0.764021,0.598942,0.568254,0.594709,0.705820,0.989947,,,,,-248.855766,0.022004,0.020829,0.022883,29.523810,5.288073,0.159031,0.022004,30,validation_pairwise_bootstrap
0708,0.332511,0.582370,0.021801,0.193767,-2.409527,-0.387104,,07,31,1316341382.000000,0.017062,0.081401,19.000000,19.000000,66756171,0.895238,0.895238,0.996825,0.043386,0.013757,0.354497,0.619048,0.735979,,,,,-248.884928,0.021801,0.020728,0.023356,31.952381,10.661351,0.085753,0.021801,31,validation_pairwise_bootstrap
0706,0.326827,0.580987,0.021671,0.183407,-0.559348,0.019343,,07,32,1934801268.000000,0.045404,0.100851,17.000000,15.000000,66756171,0.839153,0.839153,0.976720,0.182011,0.154497,0.438095,0.840212,0.735979,,,,,-248.916788,0.021671,0.020160,0.022855,33.238095,6.781661,0.128507,0.021671,32,validation_pairwise_bootstrap
3820,0.291678,0.572407,0.021373,0.115766,2.236775,0.870186,,38,33,1206970847.000000,0.006205,0.117952,17.000000,13.000000,1221685981,0.192593,0.192593,0.426455,0.700529,0.753439,0.336508,0.502646,0.989947,,,,,-248.976948,0.021373,0.020556,0.022398,36.190476,8.272842,0.107842,0.021373,33,validation_pairwise_bootstrap
5701,0.299132,0.574230,0.021180,0.148518,-0.989774,-0.055341,,57,34,1222915190.000000,-0.056623,0.143288,18.000000,16.000000,272125,0.315344,0.315344,0.804233,0.136508,0.112169,0.342857,0.116402,0.101058,,,,,-248.982515,0.021180,0.019058,0.022433,38.619048,14.360913,0.065100,0.021180,34,validation_pairwise_bootstrap
5807,0.310482,0.577003,0.021366,0.156890,0.683927,0.416585,,58,35,1193995826.000000,0.001303,0.146802,19.000000,19.000000,3441565,0.578836,0.578836,0.851852,0.352381,0.382011,0.331217,0.433862,0.304233,,,,,-248.982682,0.021366,0.020388,0.022360,36.333333,5.194625,0.161430,0.021366,35,validation_pairwise_bootstrap
2507,0.295258,0.573283,0.021221,0.124128,0.888505,0.475823,,25,36,1611897019.000000,-0.002651,0.158828,17.000000,14.000000,63461388,0.260317,0.260317,0.547090,0.395767,0.421164,0.392593,0.402116,0.721164,0.000000,0.000000,0.000000,98696.000000,-249.001409,0.021221,0.020056,0.021874,37.857143,8.345433,0.107004,0.021221,36,validation_pairwise_bootstrap
2610,0.300640,0.574599,0.020609,0.165554,-4.234843,-0.344981,,26,37,2923320553.000000,0.097513,0.464030,9.000000,5.000000,225638866,0.350265,0.350265,0.905820,0.003175,0.021164,0.521693,0.948148,0.792063,0.000000,0.000000,0.000000,63583.000000,-249.052713,0.020609,0.018362,0.023105,46.238095,26.350937,0.036562,0.020609,37,validation_pairwise_bootstrap
4106,0.325121,0.580572,0.020699,0.174699,-3.171007,-0.331197,,41,38,658105248.000000,-0.124393,0.132036,18.000000,18.000000,5423196,0.815873,0.815873,0.943915,0.017989,0.025397,0.226455,0.024339,0.324868,,,,,-249.054267,0.020699,0.017834,0.023123,44.666667,20.837999,0.045792,0.020699,38,validation_pairwise_bootstrap
5104,0.289519,0.571878,0.020743,0.115469,1.133221,0.713716,,51,39,5967257.000000,0.038162,0.188716,2.000000,1.000000,3148169,0.174603,0.174603,0.421164,0.449735,0.616931,0.003175,0.798942,0.296296,0.000000,0.000000,0.000000,24674.000000,-249.057053,0.020743,0.018263,0.022785,43.523810,15.506125,0.060584,0.020743,39,validation_pairwise_bootstrap
2516,0.333938,0.582717,0.020695,0.179178,-1.745029,-0.249808,,25,40,1804678291.000000,-0.032653,0.239712,19.000000,19.000000,63461388,0.903704,0.903704,0.960847,0.080423,0.043386,0.419048,0.209524,0.721164,,,,,-249.067121,0.020695,0.018781,0.022365,44.095238,10.391868,0.087782,0.020695,40,validation_pairwise_bootstrap
9406,0.326284,0.580855,0.020848,0.163984,1.093200,0.456575,,94,41,8520728333.000000,0.002244,0.056598,19.000000,19.000000,264170323,0.831746,0.831746,0.896296,0.440212,0.408466,0.732275,0.451852,0.815873,,,,,-249.072109,0.020848,0.019230,0.022459,42.285714,7.917087,0.112144,0.020848,41,validation_pairwise_bootstrap
5206,0.313019,0.577622,0.020726,0.161045,-0.289222,0.210456,,52,42,1612778484.000000,0.002531,0.142639,15.000000,9.000000,11955924,0.637037,0.637037,0.875132,0.212698,0.247619,0.393651,0.455026,0.532275,,,,,-249.076677,0.020726,0.019322,0.022284,43.666667,8.801154,0.102029,0.020726,42,validation_pairwise_bootstrap
2505,0.334456,0.582843,0.020773,0.163421,-0.577602,-0.010948,,25,43,1735533889.000000,0.005587,0.113587,19.000000,19.000000,63461388,0.906878,0.906878,0.891005,0.180952,0.130159,0.412698,0.492063,0.721164,,,,,-249.077329,0.020773,0.019488,0.022234,43.095238,6.331364,0.136400,0.020773,43,validation_pairwise_bootstrap
7320,0.296502,0.573587,0.020704,0.138365,3.084738,1.021758,,73,44,6965825640.000000,0.018878,0.088643,19.000000,19.000000,234437714,0.275132,0.275132,0.714286,0.862434,0.868783,0.686772,0.643386,0.806878,,,,,-249.077385,0.020704,0.019635,0.021779,43.619048,8.968071,0.100320,0.020704,44,validation_pairwise_bootstrap
5212,0.311757,0.577314,0.020612,0.137814,-0.327470,0.315225,,52,45,833588052.000000,-0.042734,0.112825,18.000000,18.000000,11955924,0.613757,0.613757,0.705820,0.209524,0.298413,0.262434,0.159788,0.532275,,,,,-249.090816,0.020612,0.019360,0.021559,44.761905,9.753655,0.092992,0.020612,45,validation_pairwise_bootstrap
5806,0.321682,0.579734,0.020506,0.166118,1.607154,0.000000,,58,46,4321772952.000000,0.047937,0.174205,19.000000,19.000000,3441565,0.778836,0.778836,0.906878,0.556614,0.142328,0.583069,0.851852,0.304233,,,,,-249.106609,0.020506,0.018730,0.022038,46.380952,11.428770,0.080458,0.020506,46,validation_pairwise_bootstrap
8416,0.299546,0.574331,0.020247,0.122200,2.681212,0.948436,,84,47,2551806641.000000,-0.026388,0.135060,17.000000,9.000000,686694105,0.324868,0.324868,0.524868,0.798942,0.813757,0.493122,0.243386,0.879894,,,,,-249.135652,0.020247,0.018450,0.022256,49.142857,13.463480,0.069140,0.020247,47,validation_pairwise_bootstrap
8442,0.303418,0.575278,0.020224,0.125726,2.672568,1.008953,,84,48,1470510382.000000,-0.113690,0.082441,19.000000,19.000000,686694105,0.416931,0.416931,0.561905,0.794709,0.858201,0.370370,0.028571,0.879894,,,,,-249.141089,0.020224,0.017992,0.021669,49.238095,13.550276,0.068727,0.020224,48,validation_pairwise_bootstrap
0814,0.316961,0.578584,0.020196,0.162166,-1.712700,-0.140823,,08,49,96461420.000000,0.004333,0.105279,2.000000,1.000000,50975565,0.720635,0.720635,0.883598,0.081481,0.086772,0.048677,0.469841,0.707407,0.000000,0.000000,0.000000,74971.000000,-249.150041,0.020196,0.018833,0.021633,49.666667,9.741093,0.093100,0.020196,49,validation_pairwise_bootstrap
6212,0.331350,0.582088,0.020021,0.181679,-0.614257,0.047569,,62,50,10502601305.000000,0.005835,0.149795,19.000000,19.000000,386897808,0.883598,0.883598,0.971429,0.177778,0.164021,0.766138,0.495238,0.818519,,,,,-249.183267,0.020021,0.018444,0.021773,51.809524,9.225323,0.097796,0.020021,50,validation_pairwise_bootstrap
5811,0.309489,0.576761,0.019918,0.152950,1.270712,0.556482,,58,51,223024931.000000,-0.107090,0.091224,10.000000,7.000000,3441565,0.557672,0.557672,0.829630,0.482540,0.486772,0.104762,0.030688,0.304233,,,,,-249.184457,0.019918,0.018220,0.021056,52.809524,10.205596,0.089241,0.019918,51,validation_pairwise_bootstrap
3805,0.311427,0.577233,0.019944,0.133514,0.142947,0.166998,,38,52,379077058.000000,0.147864,0.101421,6.000000,6.000000,1221685981,0.605291,0.605291,0.653968,0.262434,0.219048,0.159788,0.982011,0.989947,0.000000,0.000000,0.000000,82563.000000,-249.185152,0.019944,0.018676,0.021649,52.571429,10.399503,0.087723,0.019944,52,validation_pairwise_bootstrap
0805,0.313537,0.577748,0.019782,0.181640,-1.680763,-0.233678,,08,53,13434517456.000000,0.032672,0.097840,19.000000,19.000000,50975565,0.648677,0.648677,0.970370,0.082540,0.052910,0.796825,0.764021,0.707407,,,,,-249.200552,0.019782,0.017988,0.021727,54.761905,14.279205,0.065448,0.019782,53,validation_pairwise_bootstrap
8715,0.285405,0.570871,0.019722,0.120700,2.356669,0.773353,,87,54,2164131462.000000,0.017157,0.374970,13.000000,8.000000,728141292,0.110053,0.110053,0.504762,0.736508,0.668783,0.464550,0.621164,0.929630,,,,,-249.202290,0.019722,0.017592,0.021563,55.238095,15.215608,0.061669,0.019722,54,validation_pairwise_bootstrap
8503,0.313961,0.577852,0.019758,0.157066,1.499176,0.652762,,85,55,17733162125.000000,0.002158,0.094152,19.000000,19.000000,869392763,0.656085,0.656085,0.853968,0.526984,0.564021,0.839153,0.448677,0.957672,,,,,-249.217505,0.019758,0.018351,0.021267,54.714286,8.778452,0.102266,0.019758,55,validation_pairwise_bootstrap
7612,0.330253,0.581821,0.019539,0.165217,1.201486,0.375937,,76,56,4738353553.000000,0.005455,0.038377,19.000000,19.000000,16664888,0.875132,0.875132,0.903704,0.468783,0.347090,0.609524,0.489947,0.613228,,,,,-249.246802,0.019539,0.018284,0.021089,57.523810,10.545227,0.086616,0.019539,56,validation_pairwise_bootstrap
6803,0.285006,0.570773,0.018955,0.121882,0.240361,0.240368,,68,57,545220386.000000,-0.038022,0.306590,9.000000,5.000000,27478137,0.103704,0.103704,0.521693,0.278307,0.259259,0.197884,0.183069,0.695767,,,,,-249.276876,0.018955,0.015899,0.021036,64.904762,23.520821,0.040782,0.018955,57,validation_pairwise_bootstrap
6903,0.280621,0.569698,0.018826,0.119686,2.841961,1.093739,,69,58,2028835340.000000,0.002218,0.082972,19.000000,19.000000,15119334,0.056085,0.056085,0.491005,0.821164,0.910053,0.446561,0.450794,0.580952,,,,,-249.309551,0.018826,0.016912,0.020393,66.047619,20.020171,0.047573,0.018826,58,validation_pairwise_bootstrap
8459,0.300665,0.574605,0.018872,0.122208,2.755555,1.002717,,84,59,3504641678.000000,-0.044172,0.099557,19.000000,19.000000,686694105,0.351323,0.351323,0.525926,0.809524,0.853968,0.547090,0.154497,0.879894,,,,,-249.312004,0.018872,0.016966,0.020482,65.428571,15.897204,0.059181,0.018872,59,validation_pairwise_bootstrap
4803,0.325850,0.580749,0.018724,0.177162,0.170714,0.147735,,48,60,4095417638.000000,0.038545,0.060488,16.000000,9.000000,18391038,0.827513,0.827513,0.955556,0.265608,0.203175,0.572487,0.802116,0.629101,,,,,-249.319060,0.018724,0.014843,0.020891,68.476190,22.767184,0.042075,0.018724,60,validation_pairwise_bootstrap
6907,0.297475,0.573825,0.018718,0.142535,0.805147,0.321017,,69,61,6918708462.000000,0.019990,0.202709,15.000000,10.000000,15119334,0.291005,0.291005,0.746032,0.374603,0.303704,0.685714,0.656085,0.580952,,,,,-249.325570,0.018718,0.016689,0.020814,67.761905,18.667274,0.050846,0.018718,61,validation_pairwise_bootstrap
8448,0.280993,0.569790,0.018597,0.106277,3.712167,1.282128,,84,62,5186387730.000000,-0.003895,0.091701,19.000000,19.000000,686694105,0.064550,0.064550,0.289947,0.942857,0.977778,0.631746,0.386243,0.879894,,,,,-249.333951,0.018597,0.015917,0.020450,68.952381,20.027306,0.047557,0.018597,62,validation_pairwise_bootstrap
6914,0.302109,0.574958,0.018728,0.133672,1.127196,0.601820,,69,63,1772179277.000000,-0.015006,0.152726,18.000000,17.000000,15119334,0.388360,0.388360,0.660317,0.446561,0.523810,0.415873,0.312169,0.580952,,,,,-249.335783,0.018728,0.017828,0.019539,67.000000,10.923980,0.083865,0.018728,63,validation_pairwise_bootstrap
4013,0.297209,0.573760,0.018461,0.122722,0.649833,0.403446,,40,64,1089683005.000000,-0.065251,0.204196,17.000000,15.000000,11659590,0.287831,0.287831,0.531217,0.348148,0.368254,0.316402,0.097354,0.517460,,,,,-249.350918,0.018461,0.016549,0.020269,70.619048,17.629726,0.053678,0.018461,64,validation_pairwise_bootstrap
8454,0.281217,0.569845,0.018324,0.106985,3.169506,1.151785,,84,65,2811929415.000000,-0.049164,0.106649,17.000000,15.000000,686694105,0.066667,0.066667,0.299471,0.882540,0.932275,0.510053,0.138624,0.879894,,,,,-249.359626,0.018324,0.015980,0.020253,72.428571,20.895594,0.045671,0.018324,65,validation_pairwise_bootstrap
7323,0.299417,0.574300,0.018299,0.134681,0.246472,0.242377,,73,66,11410790362.000000,0.019732,0.356677,19.000000,19.000000,234437714,0.321693,0.321693,0.669841,0.279365,0.260317,0.769312,0.652910,0.806878,,,,,-249.364347,0.018299,0.015360,0.020491,73.238095,22.511171,0.042533,0.018299,66,validation_pairwise_bootstrap
8437,0.323605,0.580203,0.018450,0.127132,1.089163,0.477831,,84,67,2069757015.000000,-0.033455,0.079536,17.000000,10.000000,686694105,0.796825,0.796825,0.586243,0.435979,0.422222,0.448677,0.205291,0.879894,,,,,-249.373236,0.018450,0.015846,0.020539,71.333333,18.385640,0.051585,0.018450,67,validation_pairwise_bootstrap
0407,0.329952,0.581748,0.018369,0.178217,0.182245,0.165987,,04,68,4005581446.000000,-0.012749,0.073717,18.000000,16.000000,7849105,0.873016,0.873016,0.957672,0.268783,0.217989,0.567196,0.324868,0.434392,,,,,-249.379906,0.018369,0.016771,0.019866,71.904762,9.903846,0.091711,0.018369,68,validation_pairwise_bootstrap
2712,0.304573,0.575560,0.018229,0.128951,0.934608,0.564706,,27,69,3244926619.000000,-0.054064,0.068057,17.000000,14.000000,98533078,0.443386,0.443386,0.607407,0.411640,0.495238,0.536508,0.124868,0.774603,,,,,-249.388621,0.018229,0.017033,0.019055,73.285714,11.178819,0.082110,0.018229,69,validation_pairwise_bootstrap
8410,0.321322,0.579646,0.018262,0.139461,0.717455,0.506527,,84,70,1142926864.000000,-0.116700,0.086518,15.000000,14.000000,686694105,0.772487,0.772487,0.725926,0.357672,0.451852,0.323810,0.026455,0.879894,,,,,-249.391429,0.018262,0.016649,0.019548,73.285714,15.368932,0.061091,0.018262,70,validation_pairwise_bootstrap
4105,0.337300,0.583534,0.018019,0.193646,-2.730984,-0.290320,,41,71,893205321.000000,-0.101254,0.069539,17.000000,16.000000,5423196,0.925926,0.925926,0.995767,0.028571,0.033862,0.278307,0.040212,0.324868,0.000000,0.000000,0.000000,113880.000000,-249.391915,0.018019,0.014808,0.021297,77.761905,28.253790,0.034184,0.018019,71,validation_pairwise_bootstrap
4203,0.321284,0.579637,0.018113,0.178144,0.412272,0.163771,,42,72,6971696635.000000,-0.050159,0.095341,19.000000,19.000000,2199436,0.770370,0.770370,0.956614,0.302646,0.214815,0.687831,0.135450,0.258730,,,,,-249.394141,0.018113,0.015247,0.019347,75.428571,17.289059,0.054677,0.018113,72,validation_pairwise_bootstrap
4817,0.335323,0.583054,0.017982,0.163016,1.215283,0.426626,,48,73,1009996636.000000,-0.006120,0.059130,14.000000,7.000000,18391038,0.912169,0.912169,0.889947,0.469841,0.390476,0.305820,0.372487,0.629101,,,,,-249.406414,0.017982,0.014269,0.020565,78.238095,26.915927,0.035822,0.017982,73,validation_pairwise_bootstrap
4417,0.315373,0.578196,0.017770,0.160623,0.487801,0.271152,,44,74,505780343.000000,0.157267,0.251526,9.000000,3.000000,9186633,0.685714,0.685714,0.873016,0.314286,0.271958,0.188360,0.985185,0.451852,,,,,-249.423753,0.017770,0.014574,0.019915,80.571429,23.152849,0.041403,0.017770,74,validation_pairwise_bootstrap
2201,0.338021,0.583710,0.017906,0.178726,-0.331759,0.104235,,22,75,3942266192.000000,0.037903,0.122546,19.000000,19.000000,65193156,0.930159,0.930159,0.959788,0.207407,0.180952,0.565079,0.796825,0.732275,,,,,-249.423757,0.017906,0.015999,0.020102,78.190476,14.194630,0.065813,0.017906,75,validation_pairwise_bootstrap
8450,0.305792,0.575858,0.017933,0.131733,1.691398,0.677369,,84,76,13201954971.000000,-0.016717,0.118262,19.000000,19.000000,686694105,0.469841,0.469841,0.637037,0.577778,0.584127,0.794709,0.303704,0.879894,,,,,-249.424458,0.017933,0.016477,0.018854,77.190476,12.878994,0.072051,0.017933,76,validation_pairwise_bootstrap
7215,0.325414,0.580643,0.017735,0.148841,1.301082,0.607688,,72,77,2861356611.000000,-0.024674,0.068259,15.000000,13.000000,423064991,0.823280,0.823280,0.807407,0.495238,0.532275,0.513228,0.252910,0.828042,,,,,-249.445181,0.017735,0.015812,0.019260,80.285714,15.736348,0.059750,0.017735,77,validation_pairwise_bootstrap
8514,0.277012,0.568814,0.017251,0.094336,4.459458,1.505228,,85,78,6163500675.000000,0.026875,0.088129,18.000000,16.000000,869392763,0.026455,0.026455,0.147090,0.987302,1.000000,0.660317,0.717460,0.957672,,,,,-249.461986,0.017251,0.013088,0.020510,88.047619,34.560473,0.028121,0.017251,78,validation_pairwise_bootstrap
2617,0.315021,0.578110,0.017038,0.158723,-3.614351,-0.434971,,26,79,474042237.000000,-0.023552,0.119397,4.000000,1.000000,225638866,0.677249,0.677249,0.861376,0.008466,0.005291,0.180952,0.260317,0.792063,0.000000,0.000000,0.000000,92053.000000,-249.465198,0.017038,0.012621,0.020846,92.761905,42.789523,0.022837,0.017038,79,validation_pairwise_bootstrap
1003,0.304635,0.575575,0.017211,0.139801,0.491671,0.318275,,10,80,7026671210.000000,0.032289,0.105034,18.000000,11.000000,9206698,0.445503,0.445503,0.730159,0.315344,0.301587,0.691005,0.759788,0.466138,,,,,-249.470105,0.017211,0.014903,0.020523,87.952381,24.139429,0.039778,0.017211,80,validation_pairwise_bootstrap
7324,0.304385,0.575514,0.017186,0.135307,2.109389,0.825530,,73,81,3198639985.000000,0.001091,0.253693,17.000000,14.000000,234437714,0.437037,0.437037,0.680423,0.673016,0.721693,0.531217,0.429630,0.806878,,,,,-249.484365,0.017186,0.015355,0.019454,87.476190,18.075553,0.052423,0.017186,81,validation_pairwise_bootstrap
4821,0.339527,0.584076,0.017060,0.172486,1.111733,0.360830,,48,82,4620544483.000000,0.005136,0.065101,19.000000,19.000000,18391038,0.940741,0.940741,0.932275,0.445503,0.333333,0.602116,0.483598,0.629101,,,,,-249.488846,0.017060,0.014902,0.019400,89.809524,19.819709,0.048031,0.017060,82,validation_pairwise_bootstrap
0904,0.323649,0.580213,0.017009,0.176343,-1.766583,-0.355846,,09,83,3616675339.000000,-0.029460,0.121299,19.000000,19.000000,5996552,0.797884,0.797884,0.953439,0.077249,0.017989,0.553439,0.230688,0.340741,,,,,-249.491544,0.017009,0.013978,0.020042,91.523810,32.118262,0.030195,0.017009,83,validation_pairwise_bootstrap
6806,0.310388,0.576980,0.017043,0.142427,2.169415,0.758248,,68,84,4550058291.000000,0.019565,0.059390,19.000000,19.000000,27478137,0.576720,0.576720,0.744974,0.684656,0.656085,0.601058,0.649735,0.695767,,,,,-249.496612,0.017043,0.014910,0.018771,89.476190,17.630112,0.053677,0.017043,84,validation_pairwise_bootstrap
8436,0.288177,0.571550,0.017045,0.122841,2.519527,0.948747,,84,85,7382021347.000000,0.023632,0.069484,16.000000,14.000000,686694105,0.141799,0.141799,0.532275,0.765079,0.814815,0.706878,0.691005,0.879894,,,,,-249.498488,0.017045,0.014648,0.018834,89.476190,22.434283,0.042673,0.017045,85,validation_pairwise_bootstrap
5401,0.332381,0.582339,0.017056,0.156555,0.985490,0.406138,,54,86,1203198178.000000,-0.002387,0.135924,19.000000,19.000000,7187457,0.894180,0.894180,0.847619,0.422222,0.371429,0.334392,0.404233,0.379894,,,,,-249.499839,0.017056,0.015081,0.019453,89.428571,15.998724,0.058828,0.017056,86,validation_pairwise_bootstrap
7310,0.345877,0.585617,0.017016,0.165230,1.258336,0.448095,,73,87,6069375408.000000,0.000562,0.061189,19.000000,19.000000,234437714,0.971429,0.971429,0.904762,0.479365,0.402116,0.657143,0.425397,0.806878,,,,,-249.506126,0.017016,0.014697,0.019715,90.285714,17.822252,0.053129,0.017016,87,validation_pairwise_bootstrap
3209,0.321764,0.579754,0.016971,0.161394,0.866271,0.399870,,32,88,6078566142.000000,0.006594,0.079641,19.000000,19.000000,11464810,0.779894,0.779894,0.878307,0.388360,0.362963,0.658201,0.505820,0.502116,,,,,-249.510741,0.016971,0.015261,0.018072,90.476190,14.404427,0.064916,0.016971,88,validation_pairwise_bootstrap
8468,0.316383,0.578442,0.016629,0.126534,2.184135,0.953087,,84,89,1015479683.000000,-0.049498,0.078603,18.000000,13.000000,686694105,0.704762,0.704762,0.578836,0.691005,0.816931,0.306878,0.136508,0.879894,,,,,-249.522007,0.016629,0.013196,0.019584,96.571429,30.846118,0.031401,0.016629,89,validation_pairwise_bootstrap
9604,0.309949,0.576873,0.016741,0.136130,0.472152,0.514303,,96,90,37814195.000000,-0.013437,0.113392,8.000000,7.000000,537631,0.570370,0.570370,0.686772,0.313228,0.457143,0.019048,0.321693,0.128042,0.000000,0.000000,0.000000,84461.000000,-249.523353,0.016741,0.014550,0.018724,93.571429,18.574359,0.051087,0.016741,90,validation_pairwise_bootstrap
9502,0.296917,0.573689,0.016577,0.136583,1.516926,0.491575,,95,91,3929388901.000000,0.090831,0.359021,17.000000,17.000000,9913606,0.281481,0.281481,0.688889,0.530159,0.432804,0.564021,0.937566,0.474074,,,,,-249.525163,0.016577,0.013684,0.018890,96.428571,24.402520,0.039366,0.016577,91,validation_pairwise_bootstrap
7213,0.319263,0.579145,0.016796,0.153401,1.145892,0.562547,,72,92,11999682002.000000,0.021413,0.042774,18.000000,16.000000,423064991,0.749206,0.749206,0.831746,0.456085,0.493122,0.776720,0.669841,0.828042,,,,,-249.527685,0.016796,0.015202,0.018916,92.952381,14.695241,0.063714,0.016796,92,validation_pairwise_bootstrap
5113,0.314617,0.578012,0.016648,0.124259,1.290792,0.469260,,51,93,16455452.000000,-0.065683,0.215796,2.000000,1.000000,3148169,0.673016,0.673016,0.548148,0.488889,0.417989,0.009524,0.094180,0.296296,0.000000,0.000000,0.000000,43654.000000,-249.530112,0.016648,0.014096,0.019715,95.523810,24.054737,0.039913,0.016648,93,validation_pairwise_bootstrap
7013,0.313534,0.577748,0.016659,0.152512,1.526145,0.541097,,70,94,8070157604.000000,-0.029427,0.151485,18.000000,17.000000,14556130,0.647619,0.647619,0.825397,0.534392,0.478307,0.723810,0.231746,0.566138,,,,,-249.533556,0.016659,0.014944,0.017677,94.571429,13.250594,0.070173,0.016659,94,validation_pairwise_bootstrap
8433,0.287179,0.571305,0.016254,0.127188,2.395947,0.967076,,84,95,20079494184.000000,0.015335,0.086289,19.000000,19.000000,686694105,0.130159,0.130159,0.588360,0.746032,0.830688,0.851852,0.602116,0.879894,,,,,-249.560747,0.016254,0.013045,0.018156,100.904762,27.405083,0.035205,0.016254,95,validation_pairwise_bootstrap
4411,0.314726,0.578038,0.016268,0.154760,0.979824,0.427781,,44,96,9688531112.000000,-0.003365,0.071425,19.000000,19.000000,9186633,0.674074,0.674074,0.842328,0.419048,0.391534,0.753439,0.390476,0.451852,,,,,-249.561769,0.016268,0.014397,0.017711,100.333333,17.602309,0.053757,0.016268,96,validation_pairwise_bootstrap
4813,0.330821,0.581959,0.016172,0.148368,0.864230,0.346021,,48,97,1969986628.000000,-0.014378,0.089558,16.000000,9.000000,18391038,0.880423,0.880423,0.803175,0.387302,0.325926,0.442328,0.316402,0.629101,,,,,-249.566080,0.016172,0.013394,0.018590,102.952381,26.915169,0.035823,0.016172,97,validation_pairwise_bootstrap
9501,0.303306,0.575251,0.016108,0.137551,1.570330,0.478055,,95,98,2644244035.000000,0.091636,0.358847,16.000000,13.000000,9913606,0.413757,0.413757,0.700000,0.548677,0.423810,0.500529,0.941799,0.474074,,,,,-249.567315,0.016108,0.013781,0.018639,103.238095,23.884454,0.040186,0.016108,98,validation_pairwise_bootstrap
4410,0.319992,0.579322,0.016059,0.162707,1.168335,0.401994,,44,99,8777112833.000000,0.042288,0.077732,19.000000,19.000000,9186633,0.757672,0.757672,0.887831,0.461376,0.365079,0.737566,0.824339,0.451852,,,,,-249.581657,0.016059,0.013437,0.017521,103.952381,21.484161,0.044476,0.016059,99,validation_pairwise_bootstrap
4107,0.334108,0.582759,0.016029,0.151107,-1.247631,-0.039769,,41,100,939740681.000000,-0.085185,0.072375,19.000000,19.000000,5423196,0.904762,0.904762,0.819048,0.118519,0.118519,0.292063,0.061376,0.324868,,,,,-249.582391,0.016029,0.013342,0.018091,104.238095,22.580870,0.042407,0.016029,100,validation_pairwise_bootstrap
